codigo,nombre,precio_texto,precio_valor,moneda,imagen,imagen_url
1123-ESTEREOFIJO,ESTEREO BLUETOOTH AUTO FRENTE FIJO ALIEN 1123 ____,"$ 13,500",13.5,ARS,fotos/1123-ESTEREOFIJO.jpg,https://www.electrotecno.ar/fotos/1123-ESTEREOFIJO.jpg
1881-ESTEREODESM,ESTEREO BLUETOOTH AUTO FRENTE DESMONTABLE ALIEN __,"$ 17,900",17.9,ARS,fotos/1123-ESTEREOFIJO.jpg,https://www.electrotecno.ar/fotos/1123-ESTEREOFIJO.jpg
CPM158-,BOMBA CENTRIFUGA 1GP - 750W - LUSQTOFF ___________,"$ 76,500",76.5,ARS,fotos/1881-ESTEREODESM.jpg,https://www.electrotecno.ar/fotos/1881-ESTEREODESM.jpg
DXKITOOLS499,KIT DE HERRAMIENTAS PROFESIONAL DINAX 499 EN 1 ___,"$ 135,000",135.0,ARS,fotos/1881-ESTEREODESM.jpg,https://www.electrotecno.ar/fotos/1881-ESTEREODESM.jpg
KTS-1333,PARLANTE 6.5 PLG BT C/MICROFONO __________________,"$ 18,000",18.0,ARS,fotos/CPM158-.jpg,https://www.electrotecno.ar/fotos/CPM158-.jpg
RD-440,PARLANTE PORTATIL SUPER BASS ALAXE c _____________,"$ 13,300",13.3,ARS,fotos/CPM158-.jpg,https://www.electrotecno.ar/fotos/CPM158-.jpg
RD-510,ZAPATERO 6 NIVELES CON CAJONES- __________________,"$ 20,300",20.3,ARS,fotos/CPM158--2.jpg,https://www.electrotecno.ar/fotos/CPM158--2.jpg
RD-577,RACK DE ZAPATOS PLEGABLE 6 NIVELES- ______________,"$ 25,300",25.3,ARS,fotos/CPM158--2.jpg,https://www.electrotecno.ar/fotos/CPM158--2.jpg
RD-657,"PARLANTE 8""X2 CON CARRITO Y LUCES - ______________","$ 87,000",87.0,ARS,fotos/CPM158--3.jpg,https://www.electrotecno.ar/fotos/CPM158--3.jpg
TMPT9612,PARLANTE DE DUCHA BLUETOOTH - ____________________,"$ 7,200",7.2,ARS,fotos/CPM158--3.jpg,https://www.electrotecno.ar/fotos/CPM158--3.jpg
2128503MD---,BICICLETA RODADO 29 - 21 VEL - FIAT 500 - ALUMINIO,"$ 189,000",189.0,ARS,fotos/DXKITOOLS499.jpg,https://www.electrotecno.ar/fotos/DXKITOOLS499.jpg
473ML--,VASO TERMICO LED CON PARLANTE 473ML ______________,"$ 14,900",14.9,ARS,fotos/DXKITOOLS499.jpg,https://www.electrotecno.ar/fotos/DXKITOOLS499.jpg
CPC-801,PARLANTE PARA PC C/LUZ RGB (606) _________________,"$ 14,300",14.3,ARS,fotos/DXKITOOLS499-2.jpg,https://www.electrotecno.ar/fotos/DXKITOOLS499-2.jpg
H-08,TRIPODE PARA PARLANTE C / LUZ RGB- _______________,"$ 11,100",11.1,ARS,fotos/DXKITOOLS499-2.jpg,https://www.electrotecno.ar/fotos/DXKITOOLS499-2.jpg
KJHWMCVSL6K,LAVARROPAS AUTOMATICO 6 KG CARGA SUPERIOR KANJI __,"$ 250,000",250.0,ARS,fotos/DXKITOOLS499-3.jpg,https://www.electrotecno.ar/fotos/DXKITOOLS499-3.jpg
RD-642,SET MARCADORES DOBLE PUNTA X120PCS plumon ________,"$ 24,000",24.0,ARS,fotos/DXKITOOLS499-3.jpg,https://www.electrotecno.ar/fotos/DXKITOOLS499-3.jpg
SETFARY5P,SET DE BATERIA 5 PIEZAS - ACERO CARBONO ANTIADHERE,"$ 35,000",35.0,ARS,fotos/KTS-1333.jpg,https://www.electrotecno.ar/fotos/KTS-1333.jpg
SH4579OR,TUPPER PLEGABLE X3 350ML-500ML-800ML _____________,"$ 15,800",15.8,ARS,fotos/KTS-1333.jpg,https://www.electrotecno.ar/fotos/KTS-1333.jpg
VXACH29,BICICLETA MTB RODADO 29 VEX - VARIOS COLORES -  __,"$ 215,000",215.0,ARS,fotos/KTS-1333-2.jpg,https://www.electrotecno.ar/fotos/KTS-1333-2.jpg
WD-580,PARLANTE CYBERTRUCK TESLA CON PANTALLA LED - _____,"$ 23,900",23.9,ARS,fotos/KTS-1333-2.jpg,https://www.electrotecno.ar/fotos/KTS-1333-2.jpg
DL1166,JUEGO DE TOALLAS SUPERABSORVENTE 70X35- 140X70 ___,"$ 10,900",10.9,ARS,fotos/KTS-1333-3.jpg,https://www.electrotecno.ar/fotos/KTS-1333-3.jpg
DL1181-2,CAMA NIDO DE MASCOTA 60 CM ALGODON PELO LARGO/ ___,"$ 14,600",14.6,ARS,fotos/KTS-1333-3.jpg,https://www.electrotecno.ar/fotos/KTS-1333-3.jpg
4800-,COCINA INDUSTRIAL USMAN 4H + 1 PLANCHA COMPACT ___,"$ 410,000",410.0,ARS,fotos/RD-440.jpg,https://www.electrotecno.ar/fotos/RD-440.jpg
912-,MONOPATINDE METAL CON LUCES  _____________________,"$ 17,900",17.9,ARS,fotos/RD-440.jpg,https://www.electrotecno.ar/fotos/RD-440.jpg
AFR-1802,FREIDORA DE AIRE 10 LTS WESTINGHOUSE - AYR FRYER _,"$ 110,000",110.0,ARS,fotos/RD-440-2.jpg,https://www.electrotecno.ar/fotos/RD-440-2.jpg
CANASTA-MATE,CANASTA DE MATE - CANASTA MATERA CUERINA _________,"$ 9,100",9.1,ARS,fotos/RD-440-2.jpg,https://www.electrotecno.ar/fotos/RD-440-2.jpg
CONSERV-10LTS,CONSERVADORA 10 LTS ______________________________,"$ 7,500",7.5,ARS,fotos/RD-440-3.jpg,https://www.electrotecno.ar/fotos/RD-440-3.jpg
CR1216,KIT DE HERRAMIENTAS LLAVE  TUBOS SOCKET 216PCS -,"$ 115,000",115.0,ARS,fotos/RD-440-3.jpg,https://www.electrotecno.ar/fotos/RD-440-3.jpg
estante1,ESTANTE PARA ALACENA  34 CM X 17CM ALTO 24CM  X2U,"$ 9,500",9.5,ARS,fotos/RD-510.jpg,https://www.electrotecno.ar/fotos/RD-510.jpg
FR-7300,FREIDORA ELECTRICA 1 LTS YELMO CON ACEITE  -  ____,"$ 33,000",33.0,ARS,fotos/RD-510.jpg,https://www.electrotecno.ar/fotos/RD-510.jpg
FRUTERO4,ESTANTE FRUTERO 4 ESTANTES ORGANIZADOR ___________,"$ 18,300",18.3,ARS,fotos/RD-510-2.jpg,https://www.electrotecno.ar/fotos/RD-510-2.jpg
HM9020,MICROONDAS ROTATIVO TACTIL 20 LTS YELMO  -  ______,"$ 134,000",134.0,ARS,fotos/RD-510-2.jpg,https://www.electrotecno.ar/fotos/RD-510-2.jpg
HQ-KING09,TAPPER/VIANDA DE SILICONA PLEGABLE king08 ________,"$ 6,000",6.0,ARS,fotos/RD-510-3.jpg,https://www.electrotecno.ar/fotos/RD-510-3.jpg
K-15-,"PAVA ELECTRICA HERVIDORA 1,5 LTS ALIEN ___________","$ 10,900",10.9,ARS,fotos/RD-510-3.jpg,https://www.electrotecno.ar/fotos/RD-510-3.jpg
Kit3botellas,KIT 3 BOTELLAS MOTIVACIONALES - VARIOS COLORES ..,"$ 9,200",9.2,ARS,fotos/RD-577.jpg,https://www.electrotecno.ar/fotos/RD-577.jpg
KJH-PE10M,TERMO ELECTRICO ACERO INOX MATE PORTATIL   _______,"$ 49,500",49.5,ARS,fotos/RD-577.jpg,https://www.electrotecno.ar/fotos/RD-577.jpg
KJT-AM8021GB-,AMOLADORA ANGULAR 820W KANJI TOOLS _______________,"$ 27,000",27.0,ARS,fotos/RD-577-2.jpg,https://www.electrotecno.ar/fotos/RD-577-2.jpg
LD52-7-,"DESMALEZADORA NAFTERA 52CC 1,7 HP LUSQTOFF 7B Y 7M","$ 105,000",105.0,ARS,fotos/RD-577-2.jpg,https://www.electrotecno.ar/fotos/RD-577-2.jpg
MATEIMPE,MATE IMPERIAL CUERO Y ACERO INOX _________________,"$ 23,600",23.6,ARS,fotos/RD-577-3.jpg,https://www.electrotecno.ar/fotos/RD-577-3.jpg
MELECH-55,SET DE UTENSILIOS DE METAL 9PCS BA-55 ____________,"$ 23,800",23.8,ARS,fotos/RD-577-3.jpg,https://www.electrotecno.ar/fotos/RD-577-3.jpg
mopa1,MOPA CENTRIFUGA 360 GRADOS  ______________________,"$ 11,500",11.5,ARS,fotos/RD-657.jpg,https://www.electrotecno.ar/fotos/RD-657.jpg
OF-0C-01,SILLA DE OFICINA ERGONOMICAS  - OC-001 -  ________,"$ 44,000",44.0,ARS,fotos/RD-657.jpg,https://www.electrotecno.ar/fotos/RD-657.jpg
PORTATERMOMAT,PORTA TERMO Y MATE _______________________________,"$ 7,900",7.9,ARS,fotos/RD-657-2.jpg,https://www.electrotecno.ar/fotos/RD-657-2.jpg
Q6,TV STICK ANDROID 4K 16gb Ram Wifi ULTRA HD tv box,"$ 29,500",29.5,ARS,fotos/RD-657-2.jpg,https://www.electrotecno.ar/fotos/RD-657-2.jpg
R082,PISTOLA MASAJEADORA RECARGABLE SH4047MI M12102 ___,"$ 13,900",13.9,ARS,fotos/RD-657-3.jpg,https://www.electrotecno.ar/fotos/RD-657-3.jpg
R258520,SILLA DE CAMPING PLEGABLE JS-7447 reposera _______,"$ 17,200",17.2,ARS,fotos/RD-657-3.jpg,https://www.electrotecno.ar/fotos/RD-657-3.jpg
S02952UC,BASE DE TORTA PLATO GIRATORIO 31 CM ACERO PROF -,"$ 38,800",38.8,ARS,fotos/TMPT9612.jpg,https://www.electrotecno.ar/fotos/TMPT9612.jpg
Secaplatos,SECA PLATOS ESCURRIDOR PARA 13 PLATOS  ___________,"$ 10,800",10.8,ARS,fotos/TMPT9612.jpg,https://www.electrotecno.ar/fotos/TMPT9612.jpg
TEJO,TEJO PLAYERO DE GOMA- PREMIUM ____________________,"$ 14,800",14.8,ARS,fotos/TMPT9612-2.jpg,https://www.electrotecno.ar/fotos/TMPT9612-2.jpg
tenderalas,"TENDER PIE CON ALAS 7 VARILLAS 1,45 CMX75CM ALTO _","$ 17,900",17.9,ARS,fotos/TMPT9612-2.jpg,https://www.electrotecno.ar/fotos/TMPT9612-2.jpg
TFK-HD220D--,HELADERA 220 LTS CON DISPENSER TELEFUNKEN ________,"$ 450,000",450.0,ARS,fotos/2128503MD---.jpg,https://www.electrotecno.ar/fotos/2128503MD---.jpg
VLKITRD-,KIT DE HERRAMIENTAS 499 EN 1 MALETIN KANJI _______,"$ 165,000",165.0,ARS,fotos/2128503MD---.jpg,https://www.electrotecno.ar/fotos/2128503MD---.jpg
WFVCRK305A,ASPIRADORA ROBOT WESTINGHOUSE 3 EN 1 _____________,"$ 110,000",110.0,ARS,fotos/2128503MD----2.jpg,https://www.electrotecno.ar/fotos/2128503MD----2.jpg
WH-SM700SB-02,SANDWICHERA ELECTRICA WESTINGHOUSE  ______________,"$ 18,500",18.5,ARS,fotos/2128503MD----2.jpg,https://www.electrotecno.ar/fotos/2128503MD----2.jpg
Wh-v2000,PANEL CONVECTOR VITROCERAMICO WESTINGHOUSE _______,"$ 70,000",70.0,ARS,fotos/473ML--.jpg,https://www.electrotecno.ar/fotos/473ML--.jpg
WHHCL8188-,CORTADORA DE PELO WESTINGHOUSE ___________________,"$ 24,000",24.0,ARS,fotos/473ML--.jpg,https://www.electrotecno.ar/fotos/473ML--.jpg
WHHS3232,PLANCHITA DE PELO 2 EN 1 WESTINGHOUSE ____________,"$ 16,500",16.5,ARS,fotos/CPC-801.jpg,https://www.electrotecno.ar/fotos/CPC-801.jpg
045A-045AB,SILLA DE ESCRITORIO GAMER PC  ____________________,"$ 109,000",109.0,ARS,fotos/CPC-801.jpg,https://www.electrotecno.ar/fotos/CPC-801.jpg
BJ-183,ORGANIZADOR Y ESCURRIDOR DE CUBIERTOS BJ-88 _____,"$ 8,800",8.8,ARS,fotos/H-08.jpg,https://www.electrotecno.ar/fotos/H-08.jpg
C04546LI,KIT DE LIMPIEZA TRANSPARENTE -  __________________,"$ 8,500",8.5,ARS,fotos/H-08.jpg,https://www.electrotecno.ar/fotos/H-08.jpg
CARRO-PLAYERO,CARRO PLAYERO MESA - ALUMINIO MOR -  _____________,"$ 47,600",47.6,ARS,fotos/KJHWMCVSL6K.jpg,https://www.electrotecno.ar/fotos/KJHWMCVSL6K.jpg
COMBO-WANKE,COMBO LAVARROPAS 6KG + SECARROPAS 10KG WANKEE  ___,"$ 249,000",249.0,ARS,fotos/KJHWMCVSL6K.jpg,https://www.electrotecno.ar/fotos/KJHWMCVSL6K.jpg
CUBIERTOS-DUAVF,SET DE CUBIERTOS 25 PIEZAS DUAVF _________________,"$ 11,500",11.5,ARS,fotos/KJHWMCVSL6K-2.jpg,https://www.electrotecno.ar/fotos/KJHWMCVSL6K-2.jpg
K-GZ-001,GAZEBO PLEGABLE 3X3 MTS TELA OXFORD  _____________,"$ 90,000",90.0,ARS,fotos/KJHWMCVSL6K-2.jpg,https://www.electrotecno.ar/fotos/KJHWMCVSL6K-2.jpg
L-820--,AMOLADORA ANGULAR 720W - LUSQTOFF - ______________,"$ 36,500",36.5,ARS,fotos/RD-642.jpg,https://www.electrotecno.ar/fotos/RD-642.jpg
PM002-BRZ,SET DE MOLINILLOS SALERO Y PIMENTERO  ____________,"$ 10,500",10.5,ARS,fotos/RD-642.jpg,https://www.electrotecno.ar/fotos/RD-642.jpg
REPOSERA-5POS,REPOSERAS 5 POSICIONES REFORZADA  ________________,"$ 29,500",29.5,ARS,fotos/RD-642-2.jpg,https://www.electrotecno.ar/fotos/RD-642-2.jpg
REPOSERA-8POS,REPOSERA ALUMINIO MOR 8 POSICIONES _______________,"$ 29,000",29.0,ARS,fotos/RD-642-2.jpg,https://www.electrotecno.ar/fotos/RD-642-2.jpg
SAFIRA-4PIEZAS,SET DE BATERIA 4 PIEZAS SAFIRA MTA  ______________,"$ 44,000",44.0,ARS,fotos/RD-642-3.jpg,https://www.electrotecno.ar/fotos/RD-642-3.jpg
SET-TURIN12P,SET DE BATERIA 12 PIEZAS TRAMONTINA  COLORES _____,"$ 130,000",130.0,ARS,fotos/RD-642-3.jpg,https://www.electrotecno.ar/fotos/RD-642-3.jpg
SPA002-,REPOSERA DE ALUMINIO FIJA - LAGOS -  _____________,"$ 25,500",25.5,ARS,fotos/SETFARY5P.jpg,https://www.electrotecno.ar/fotos/SETFARY5P.jpg
VULCAN,"PARLANTE TORRE VULCAN 2 x 15"" KEN BROWN  _________","$ 396,000",396.0,ARS,fotos/SETFARY5P.jpg,https://www.electrotecno.ar/fotos/SETFARY5P.jpg
147078-009F,TRICICLO TIPO NAVE ESPACIAL FROZEN -  ____________,"$ 76,500",76.5,ARS,fotos/SETFARY5P-2.jpg,https://www.electrotecno.ar/fotos/SETFARY5P-2.jpg
BOOM10,PARLANTE TORRE BOOM 10 KEN BROWN  -  _____________,"$ 249,000",249.0,ARS,fotos/SETFARY5P-2.jpg,https://www.electrotecno.ar/fotos/SETFARY5P-2.jpg
DL1417,PARLANTE TORRE CON PANTALLA ANDROID DELHI ________,"$ 850,000",850.0,ARS,fotos/SH4579OR.jpg,https://www.electrotecno.ar/fotos/SH4579OR.jpg
FIREBIRD-BICI,BICICLETA FIRE BIRD RODADO 29 ACERO MOD 2026  ____,"$ 219,000",219.0,ARS,fotos/SH4579OR.jpg,https://www.electrotecno.ar/fotos/SH4579OR.jpg
HDESBLK10,MONOPATIN ELECTRICO PREMIUM HEAD _________________,"$ 1,550,000",,ARS,fotos/VXACH29.jpg,https://www.electrotecno.ar/fotos/VXACH29.jpg
HGAW4523PI-,HORNO ELECTRICO GRILL 45 LTS ATMA BLANCO - _______,"$ 140,000",140.0,ARS,fotos/VXACH29.jpg,https://www.electrotecno.ar/fotos/VXACH29.jpg
MON350-7,MONOPATIN ELECTRICO GRANDE 350W LUSQTOFF _________,"$ 460,000",460.0,ARS,fotos/VXACH29-2.jpg,https://www.electrotecno.ar/fotos/VXACH29-2.jpg
TO39DSPP,TOSTADORA ELECTRICA SPIDERMAN ATMA _______________,"$ 35,000",35.0,ARS,fotos/VXACH29-2.jpg,https://www.electrotecno.ar/fotos/VXACH29-2.jpg
VGG245EP,VALIJA MEDIANA 24 PULGADAS - GRIS -  -  __________,"$ 45,000",45.0,ARS,fotos/WD-580.jpg,https://www.electrotecno.ar/fotos/WD-580.jpg
VT3820-,"VENTILADOR DE PIE 20"" YELMO  _____________________","$ 40,000",40.0,ARS,fotos/WD-580.jpg,https://www.electrotecno.ar/fotos/WD-580.jpg
AW-CBK14,"NOTEBOOK 14,1"" AIWA 128GB - 4GB RAM WINDOWS 11 ___","$ 250,000",250.0,ARS,fotos/DL1166.jpg,https://www.electrotecno.ar/fotos/DL1166.jpg
AW-T381,"PARLANTE BLUETOOTH TORRE AIWA 3x8"" _______________","$ 115,000",115.0,ARS,fotos/DL1166.jpg,https://www.electrotecno.ar/fotos/DL1166.jpg
DB58X7550-,"SMART TV 58"" NOBLEX ANDROID TV FULL HD 4K  _______","$ 645,000",645.0,ARS,fotos/DL1181-2.jpg,https://www.electrotecno.ar/fotos/DL1181-2.jpg
ET035CF,AIRE ACONDICIONADO SPLIT 3500W FRIO CALOR ELECTRA,"$ 550,000",550.0,ARS,fotos/DL1181-2.jpg,https://www.electrotecno.ar/fotos/DL1181-2.jpg
ETI36C,AIRE ACONDICIONADO INVERTER 3600W ELECTRA  _______,"$ 600,000",600.0,ARS,fotos/DL1181-2-2.jpg,https://www.electrotecno.ar/fotos/DL1181-2-2.jpg
HDR370F61E,HELADERA DREAN 362 LTS CICLICA CON DISPENSER  ____,"$ 670,000",670.0,ARS,fotos/DL1181-2-2.jpg,https://www.electrotecno.ar/fotos/DL1181-2-2.jpg
RT1N205NEW1,HELADERA CON FREEZER HISENSE 205 LTS CICLICA _____,"$ 400,000",400.0,ARS,fotos/DL1181-2-3.jpg,https://www.electrotecno.ar/fotos/DL1181-2-3.jpg
SH3682MI,RED DE PING PONG PLEGABLE PLASTICO  175 X 14 CM -,"$ 9,500",9.5,ARS,fotos/DL1181-2-3.jpg,https://www.electrotecno.ar/fotos/DL1181-2-3.jpg
LAB06W,LAVARROPAS AUTOMATICO 6KG BGH INVERT BWEF06W24AR _,"$ 430,000",430.0,ARS,fotos/4800-.jpg,https://www.electrotecno.ar/fotos/4800-.jpg
LAB106SS,LAVARROPAS AUTOMATICO BGH 6KG Bwfe06s24ar ________,"$ 455,000",455.0,ARS,fotos/4800-.jpg,https://www.electrotecno.ar/fotos/4800-.jpg
SBL6500BT,PARLANTE TORRE CROWN MUSTANG SBL 6500BT -  _______,"$ 239,000",239.0,ARS,fotos/912-.jpg,https://www.electrotecno.ar/fotos/912-.jpg
WTJA802T,LAVARROPAS CARGA SUPERIOR 6KG HISENSE TITANIUM ___,"$ 395,000",395.0,ARS,fotos/912-.jpg,https://www.electrotecno.ar/fotos/912-.jpg
CONSERV-HELAFRIO,CONSERVADORA 34 LTS HELAFRIO  ____________________,"$ 15,500",15.5,ARS,fotos/AFR-1802.jpg,https://www.electrotecno.ar/fotos/AFR-1802.jpg
KJ-32MT005-2,"SMART TV 32"" KANJI ANDRID TV FULL HD- - __________","$ 190,000",190.0,ARS,fotos/AFR-1802.jpg,https://www.electrotecno.ar/fotos/AFR-1802.jpg
PE1821NAP-,PAVA ELECTRICA CON CORTE MATE - ATMA - NEGRA _____,"$ 34,000",34.0,ARS,fotos/AFR-1802-2.jpg,https://www.electrotecno.ar/fotos/AFR-1802-2.jpg
SMART-50-KODAK,"SMART TV 50"" KODAK GOOGLE TV FULL HD 4K- _________","$ 430,000",430.0,ARS,fotos/AFR-1802-2.jpg,https://www.electrotecno.ar/fotos/AFR-1802-2.jpg
WE-32MT005,"SMART TV 32"" KODAK - GOOGLE TV - FULL HD  - ______","$ 190,000",190.0,ARS,fotos/AFR-1802-3.jpg,https://www.electrotecno.ar/fotos/AFR-1802-3.jpg
ACL2TS100,ACEITE 2T SINTETICO 100CC LUSQTOFF _______________,"$ 3,200",3.2,ARS,fotos/AFR-1802-3.jpg,https://www.electrotecno.ar/fotos/AFR-1802-3.jpg
BL600-8-,BORDEADORA DE CESPED 600W LUSQTOFF  ______________,"$ 69,600",69.6,ARS,fotos/CANASTA-MATE.jpg,https://www.electrotecno.ar/fotos/CANASTA-MATE.jpg
CPM150,"BOMBA PERIFERICA 220V 0,5HP 370W LUSQTOFF ________","$ 36,500",36.5,ARS,fotos/CANASTA-MATE.jpg,https://www.electrotecno.ar/fotos/CANASTA-MATE.jpg
GP2500,GENERADOR NAFTERO 2500W - GARDENPLUS LUSQTOFF ____,"$ 210,000",210.0,ARS,fotos/CANASTA-MATE-2.jpg,https://www.electrotecno.ar/fotos/CANASTA-MATE-2.jpg
HL100-7,HIDROLAVADORA ALTA PRESION 1200W 100BAR LUSQTOFF _,"$ 75,000",75.0,ARS,fotos/CANASTA-MATE-2.jpg,https://www.electrotecno.ar/fotos/CANASTA-MATE-2.jpg
IL150-8,INFLADOR INALAMBRICO CON MEDIDOR DIG LUSQTOFF ____,"$ 74,500",74.5,ARS,fotos/CONSERV-10LTS.jpg,https://www.electrotecno.ar/fotos/CONSERV-10LTS.jpg
L4902,JUEGO DE 20 HERRAMIENTAS LUSQTOFF ________________,"$ 51,000",51.0,ARS,fotos/CONSERV-10LTS.jpg,https://www.electrotecno.ar/fotos/CONSERV-10LTS.jpg
L4904,JUEGO DE 67 HERRAMIENTAS LUSQTOFF ________________,"$ 67,500",67.5,ARS,fotos/CONSERV-10LTS-2.jpg,https://www.electrotecno.ar/fotos/CONSERV-10LTS-2.jpg
L4906,JUEGO DE 14 HERRAMIENTAS LUSQTOFF ________________,"$ 25,500",25.5,ARS,fotos/CONSERV-10LTS-2.jpg,https://www.electrotecno.ar/fotos/CONSERV-10LTS-2.jpg
L4912,JUEGO DE 10 HERRAMIENTAS LUSQTOFF ________________,"$ 30,000",30.0,ARS,fotos/CR1216.jpg,https://www.electrotecno.ar/fotos/CR1216.jpg
L4914,JUEGO DE 15 HERRAMIENTAS LUSQTOFF ________________,"$ 23,500",23.5,ARS,fotos/CR1216.jpg,https://www.electrotecno.ar/fotos/CR1216.jpg
LA-1500MM,ASPIRADORA INDUSTRIAL 1400W 15 LTS LUSQTOFF ______,"$ 69,000",69.0,ARS,fotos/CR1216-2.jpg,https://www.electrotecno.ar/fotos/CR1216-2.jpg
LA1400M--,ASPIRADORA ELECTRICA 25 LTS - 1400W - LUSQTOFF ___,"$ 120,000",120.0,ARS,fotos/CR1216-2.jpg,https://www.electrotecno.ar/fotos/CR1216-2.jpg
LCO1203-8B,CORTADORA DE CESPED ELECTRICA 1200W LUSQTOFF _____,"$ 150,000",150.0,ARS,fotos/estante1.jpg,https://www.electrotecno.ar/fotos/estante1.jpg
LG3000E,"GENERADOR NAFTERO 2500W 2.8KW 6,5HP LUSQTOFF _____","$ 440,000",440.0,ARS,fotos/estante1.jpg,https://www.electrotecno.ar/fotos/estante1.jpg
LG3500EX,GENERADOR NAFTERO 3500W LUSQTOFF _________________,"$ 500,000",500.0,ARS,fotos/FR-7300.jpg,https://www.electrotecno.ar/fotos/FR-7300.jpg
LPS15-8.5Z,"BOMBA PRESURIZADORA 8.5M - 0,13 HP - 100W LUSQTOFF","$ 36,500",36.5,ARS,fotos/FR-7300.jpg,https://www.electrotecno.ar/fotos/FR-7300.jpg
LQ-IONSOL,IONIZADOR SOLAR PARA PILETAS LUSQTOFF ____________,"$ 45,000",45.0,ARS,fotos/FR-7300-2.jpg,https://www.electrotecno.ar/fotos/FR-7300-2.jpg
LQ500-,CORTADORA DE CESPED NAFTERA A EXPLOSION LUSQTOFF _,"$ 325,000",325.0,ARS,fotos/FR-7300-2.jpg,https://www.electrotecno.ar/fotos/FR-7300-2.jpg
LQC-70,CARRO PLEGABLE HASTA 70KG LUSQTOFF _______________,"$ 43,000",43.0,ARS,fotos/FR-7300-3.jpg,https://www.electrotecno.ar/fotos/FR-7300-3.jpg
LQC2-,CRIQUET CARRITO GATO 2 TONELADAS LUSQTOFF ________,"$ 46,500",46.5,ARS,fotos/FR-7300-3.jpg,https://www.electrotecno.ar/fotos/FR-7300-3.jpg
LTF-6308R,TERMOFUSORA 220V - 50HZ 800W LUSQTOFF ____________,"$ 36,000",36.0,ARS,fotos/FRUTERO4.jpg,https://www.electrotecno.ar/fotos/FRUTERO4.jpg
MEGAIRON140--,SOLDADORA INVERTER LUSQTOFF MEGAIRON140 __________,"$ 155,000",155.0,ARS,fotos/FRUTERO4.jpg,https://www.electrotecno.ar/fotos/FRUTERO4.jpg
MEGAIRON180-9--,SOLDADORA INVERTER LUSQTOFF MEGAIRON180 KIT ______,"$ 170,000",170.0,ARS,fotos/FRUTERO4-2.jpg,https://www.electrotecno.ar/fotos/FRUTERO4-2.jpg
SAL3TON-7,SOPORTE PARA AUTO 3 TONELADAS LUSQTOFF CABALLETE _,"$ 39,500",39.5,ARS,fotos/FRUTERO4-2.jpg,https://www.electrotecno.ar/fotos/FRUTERO4-2.jpg
SCL710-8,SIERRA CALADORA PROFESIONAL 710W LUSQTOFF ________,"$ 78,000",78.0,ARS,fotos/FRUTERO4-3.jpg,https://www.electrotecno.ar/fotos/FRUTERO4-3.jpg
SHL150-9,SET DE HERRAMIENTAS 150 PIEZAS RACING LUSQTOFF  __,"$ 245,000",245.0,ARS,fotos/FRUTERO4-3.jpg,https://www.electrotecno.ar/fotos/FRUTERO4-3.jpg
TFK-WMCFSL-,LAVARROPAS AUTOMATICO 6KG INVERTER TELEFUNKEN  - _,"$ 360,000",360.0,ARS,fotos/HM9020.jpg,https://www.electrotecno.ar/fotos/HM9020.jpg
TIL23-8KB--,KIT TALADRO ATORNILLADOR 12V LUSQTOFF ____________,"$ 75,000",75.0,ARS,fotos/HM9020.jpg,https://www.electrotecno.ar/fotos/HM9020.jpg
TPL710-8--,TALADRO PERCUTOR 710W LUSQTOFF ___________________,"$ 45,000",45.0,ARS,fotos/HM9020-2.jpg,https://www.electrotecno.ar/fotos/HM9020-2.jpg
Bwfi08w24ar,LAVARROPAS BGH AUTOMATICO 8KG INVERTER BWFE08W24AR,"$ 545,000",545.0,ARS,fotos/HM9020-2.jpg,https://www.electrotecno.ar/fotos/HM9020-2.jpg
32PHD6929,"SMART TV PHILIPS 32"" FULL HD SIST OP TITAN  ______","$ 190,000",190.0,ARS,fotos/HM9020-3.jpg,https://www.electrotecno.ar/fotos/HM9020-3.jpg
Bwfe08s24ar--,LAVARRROPAS AUTOMATICO 8KG BGH INVERTER SILVER ___,"$ 575,000",575.0,ARS,fotos/HM9020-3.jpg,https://www.electrotecno.ar/fotos/HM9020-3.jpg
JS-52,AURICULAR INALAMBRICO CON POWER BANK _____________,"$ 8,800",8.8,ARS,fotos/HQ-KING09.jpg,https://www.electrotecno.ar/fotos/HQ-KING09.jpg
SOLARCO10FUN,PILETA DE LONA 5500 LTS - SOL DE VERANO - ________,"$ 210,000",210.0,ARS,fotos/HQ-KING09.jpg,https://www.electrotecno.ar/fotos/HQ-KING09.jpg
2017A1N,BALANZA PERSONAL DIGITAL NEGRA ALIEN _____________,"$ 8,800",8.8,ARS,fotos/K-15-.jpg,https://www.electrotecno.ar/fotos/K-15-.jpg
A0715,STITCH COLECCION SWEET DREAMS peluche ____________,"$ 9,000",9.0,ARS,fotos/K-15-.jpg,https://www.electrotecno.ar/fotos/K-15-.jpg
AL-6407-,CONSOLA GAME STICK RETRO + PS2 - 10.000 JUEGOS ___,"$ 32,000",32.0,ARS,fotos/Kit3botellas.jpg,https://www.electrotecno.ar/fotos/Kit3botellas.jpg
AL-6411-,CONSOLA 2 EN 1 - GAME STICK + TV STICK  __________,"$ 38,000",38.0,ARS,fotos/Kit3botellas.jpg,https://www.electrotecno.ar/fotos/Kit3botellas.jpg
BALANZA-ALIEN-RO,BALANZA COMERCIAL ROJA CON TORRE TS-817 __________,"$ 43,000",43.0,ARS,fotos/Kit3botellas-2.jpg,https://www.electrotecno.ar/fotos/Kit3botellas-2.jpg
CT-804,Consola Portatil Sega 16 Bits Con Juegos + Cartuch,"$ 21,000",21.0,ARS,fotos/Kit3botellas-2.jpg,https://www.electrotecno.ar/fotos/Kit3botellas-2.jpg
HIDRO-ALIEN,HIDROLAVADORA PORTATIL INALAMBRICA  RY1000 _______,"$ 34,500",34.5,ARS,fotos/Kit3botellas-3.jpg,https://www.electrotecno.ar/fotos/Kit3botellas-3.jpg
PHL-17218,PILETA INFABLE 95 LTS - 3 ANILLOS DE COLORES  ____,"$ 13,500",13.5,ARS,fotos/Kit3botellas-3.jpg,https://www.electrotecno.ar/fotos/Kit3botellas-3.jpg
PHL-17544,PILETA INFLABLE 425 LTS ANIMALES MARINOS _________,"$ 24,000",24.0,ARS,fotos/KJH-PE10M.jpg,https://www.electrotecno.ar/fotos/KJH-PE10M.jpg
PHL-27131,COLCHONETA INFABLE CON APOYA VASO ________________,"$ 13,000",13.0,ARS,fotos/KJH-PE10M.jpg,https://www.electrotecno.ar/fotos/KJH-PE10M.jpg
PHL-32206,BRACITOS FLOTADORES CANGREJO _____________________,"$ 4,000",4.0,ARS,fotos/KJH-PE10M-2.jpg,https://www.electrotecno.ar/fotos/KJH-PE10M-2.jpg
PHL-32271,BRACITOS FLOTADORES UNICORNIO  ___________________,"$ 4,000",4.0,ARS,fotos/KJH-PE10M-2.jpg,https://www.electrotecno.ar/fotos/KJH-PE10M-2.jpg
PHL-33151,RED DE VOLEY INFABLE PARA PILETA _________________,"$ 20,000",20.0,ARS,fotos/KJH-PE10M-3.jpg,https://www.electrotecno.ar/fotos/KJH-PE10M-3.jpg
PHL-35182,ASIENTO SALVAVIDAS FLOTADOR UNICORNIO  ___________,"$ 9,500",9.5,ARS,fotos/KJH-PE10M-3.jpg,https://www.electrotecno.ar/fotos/KJH-PE10M-3.jpg
PHL-35487,INFLADOR COLHONETA AVION  ________________________,"$ 15,000",15.0,ARS,fotos/KJT-AM8021GB-.jpg,https://www.electrotecno.ar/fotos/KJT-AM8021GB-.jpg
PHL-37243,ASIENTO SALVAVIDAS INFLABLE FLOTADOR CON TECHITO _,"$ 12,000",12.0,ARS,fotos/KJT-AM8021GB-.jpg,https://www.electrotecno.ar/fotos/KJT-AM8021GB-.jpg
PHL-51340,INFABLE ARCO Y PELOTA PILETA _____________________,"$ 20,000",20.0,ARS,fotos/KJT-AM8021GB--2.jpg,https://www.electrotecno.ar/fotos/KJT-AM8021GB--2.jpg
PHL-51459,PILETA INFABLE 143LTS CON LUNARES DE COLORES _____,"$ 10,000",10.0,ARS,fotos/KJT-AM8021GB--2.jpg,https://www.electrotecno.ar/fotos/KJT-AM8021GB--2.jpg
PHL-57140,PILETA ESTRUCTURAL REDONDA 226 LTS _______________,"$ 13,500",13.5,ARS,fotos/KJT-AM8021GB--3.jpg,https://www.electrotecno.ar/fotos/KJT-AM8021GB--3.jpg
PHL-57155,PILETA INFLABLE 40 LTS CON ARCOIRIS ______________,"$ 23,500",23.5,ARS,fotos/KJT-AM8021GB--3.jpg,https://www.electrotecno.ar/fotos/KJT-AM8021GB--3.jpg
SM-8808,SANDWICHERA ELECTRICA ALIEN ______________________,"$ 16,500",16.5,ARS,fotos/LD52-7-.jpg,https://www.electrotecno.ar/fotos/LD52-7-.jpg
X10MAX,Proyector Gamer Ultra Hd Wifi Android Joystick 4k,"$ 90,000",90.0,ARS,fotos/LD52-7-.jpg,https://www.electrotecno.ar/fotos/LD52-7-.jpg
X96Q-,CONVERTIDOR A SMART TV - TV BOX ALIEN ____________,"$ 27,000",27.0,ARS,fotos/MATEIMPE.jpg,https://www.electrotecno.ar/fotos/MATEIMPE.jpg
YQ-201K-1S-,ANAFE ELECTRICO VITROCERAMICO ALIEN  _____________,"$ 34,500",34.5,ARS,fotos/MATEIMPE.jpg,https://www.electrotecno.ar/fotos/MATEIMPE.jpg
DAFCB001-B-,DISPENSER DE AGUA BIDON FRIO - CALIENTE - ________,"$ 165,000",165.0,ARS,fotos/MATEIMPE-2.jpg,https://www.electrotecno.ar/fotos/MATEIMPE-2.jpg
DAFCB022-R,DISPENSER DE AGUA RED - FRIO - CALIENTE  _________,"$ 170,000",170.0,ARS,fotos/MATEIMPE-2.jpg,https://www.electrotecno.ar/fotos/MATEIMPE-2.jpg
KJ-CAMPMC01,MESA CUADRADA PLEGABLE GRANDE - GRIS O BLANCA  ___,"$ 80,000",80.0,ARS,fotos/MATEIMPE-3.jpg,https://www.electrotecno.ar/fotos/MATEIMPE-3.jpg
KJ-CAMPRED01W,MESA PLEGABLE GRANDE CIRCULAR 122 CM X 74CM  _____,"$ 97,500",97.5,ARS,fotos/MATEIMPE-3.jpg,https://www.electrotecno.ar/fotos/MATEIMPE-3.jpg
KJH-FI2415001,"VENTILADOR SEMI INDUSTRIAL 24"" 2 EN 1 KANJI ______","$ 98,000",98.0,ARS,fotos/MELECH-55.jpg,https://www.electrotecno.ar/fotos/MELECH-55.jpg
KJH-FI3020001,"VENTILADOR INDUSTRIAL 30"" 2 EN 1 KANJI ___________","$ 109,000",109.0,ARS,fotos/MELECH-55.jpg,https://www.electrotecno.ar/fotos/MELECH-55.jpg
KJW-INF01,INFLADOR MULTIUSO PORTATIL PREMIUM  ______________,"$ 40,000",40.0,ARS,fotos/MELECH-55-2.jpg,https://www.electrotecno.ar/fotos/MELECH-55-2.jpg
